Regex,Attempt Regex,ChatGPT Output
0*(10*1)*0*,0*1(10*10*)*,"positive example:[011010, 0011111, 1],negative example:[111111]"
a+b,(a*|b),"positive example:[, a, aa, b], negative example:[ab, ba, aab]"
0*10*(10*10*)*,-1,"Based on your request, here are the positive and negative examples for the regular expression `-1`:

positive example: [""-1""],  
negative example: [""1"", ""-"", ""1-"", ""-11"", ""a"", """"]"
(a*ba*b)*a*ba*,(a|ba*b)*,"positive example:["""", ""a"", ""ba"", ""baaab"", ""abaaab"", ""aabaaaba""], negative example:[""b"", ""bb"", ""abab"", ""baabaaabab""]"
0(0|1)*0,0(0|1)*1,"positive example:[0011, 01], negative example:[00, 11, 0, 1]"
(0*10*10*)*|0*,0*10*1(1)0*,"positive example:[111, 010110, 001001100], negative example:[0, 1, 0101]"
0*10*(10*10*)*,(1)(111),"positive example: [""1111"", ""111111""], negative example: [""1"", ""11"", ""111"", ""11111""]"
(a*ba*b)*a*ba*,a*ba*b,"positive example:[baab, aabb, abab],negative example:[bbb]"
(a*ba*b)*a*ba*,a*ba*(bb)*a*b(bb)*,"positive example:[bb, baabbab, aabbbbbaabbbbb],negative example:[bbbabbab]"
b*a*,a(a)*b,"positive example:[aaab, ab], negative example:[a, b, aaa, ba]"
(a|b)*baa(a|b)*b,"(ba{2,})*","positive example:[, baabaa, baa, baabaabaa], negative example:[ba, a, baaaab, baba]"
a(a|b)*b,b(a|b)a,"positive example:[baa, bba], negative example:[aaa, bbb, aba, bab]"
b*a*,(a*b*)*baa(a*b*)*b,"positive example:[babaabab],negative example:[b]"
(a|baa)*,"(a)b{2,}","positive example:[abb, abbb],negative example:[ab]"
(a|b)*baa(a|b)*b,a|b*[baa]b,"positive example:[bbbb, ab, a],negative example:[b]"
001|1010|110,(001)(10101)(110),"positive example: [""00110101110""], negative example: [""00110101"", ""10101110"", ""001110"", ""001101011100"", ""0011010111""]"
(0*10*10*)*|0*,1,"Based on your request, here's the response with empty sets since no regular expression was provided:

positive example: []
negative example: [] 

(Note: Without a specific regular expression to analyze, it's impossible to generate meaningful positive and negative examples. The empty sets reflect that no pattern was given to evaluate against.)"
(0|1)(0|1)|(0|1)(0|1)(0|1),0|1,"positive example:[0, 1], negative example:[2, 00, 11, 01, 10]"
(ab|ba)*,(aa|bb|ab|ba)*bb,"positive example:[aaabbabbbb, bb],negative example:[abb]"
(ab|ba)*,aabb(a|b)*,"positive example:[aabb, aabbab],negative example:[a]"
(a|b)*baa(a|b)*b,(a*)(b*|aa*)b,"positive example:[aabbb, b], negative example:[abab, aaaab]"
a+b,(a|b),"positive example:[a, b], negative example:[c, d, aa, ab, ba, bb]"
a+b,a|b,"positive example:[a,b],negative example:[c,ab,ba]"
(a|b)*baa(a|b)*b,(a*|b*|aa*)b,"positive example: [bbb, ab, aab, b, aaab], negative example: [a, aa, aba, bba, ba]"
0*10*(10*10*)*,0*|1(111)0*,"positive example:[00, 0, , 11110, 111100, 1111],negative example:[1]"
((0(0*|(1+0))*)|(1(1*|(0+1))*))?,(0(0*1*)*1)|(1(0*1*)*0),"positive example:[0101, 100, 1100, 001],negative example:[1, 0]"
(0|1)(0|1)|(0|1)(0|1)(0|1),(0|1)?,"positive example:[0, 1, """"], negative example:[00, 01, 10, 11]"
b*a*,(b|a)*(baa)+(a|b)*b,"positive example:[baab, babaaabb], negative example:[b]"
(0|1)(0|1)|(0|1)(0|1)(0|1),(0|1)|(0|1)|(0|1),"positive example: [""0"", ""1""], negative example: [""00"", ""11"", ""01"", ""10"", ""000"", ""111""]"
b*a*,(a)(a)*(bb)(b)*(a)(a*),"positive example:[aaabbba, abbaaa, abbbba], negative example:[a, bb, abab, aabba, bbba]"
(a*ba*b)*a*ba*,([a]*[b][a]*[b][a]*)+,"positive example:[baba, babababa, abab, ababab, babbab], negative example:[b, a, aba, baa, abba]"
001|1010|110,1+0+11+0+,"positive example:[10011100, 10110],negative example:[1010,0110,1110,1011]"
(a*ba*b)*a*ba*,b(a*ba*ba*)*a*ba,"positive example:[baaba, bbbbbba],negative example:[bbba]"
(a|b)(a|b)+aaa+,aa||bbaaa+,"positive example:[aa, |bbaaaa, |bbaaa], negative example:[a]"
a+b,b+a,"positive example:[ba], negative example:[a]"
a(a|b)a(a|b)*,((a|b)aba(a|b)*),"positive example:[aabaab, aaba], negative example:[aa]"
(a*ba*b)*a*ba*,(a*ba*ba*)*,"positive example:[, bba, bbbb],negative example:[b]"
(0|1)(0|1)|(0|1)(0|1)(0|1),(0|1)(0|1)+(0|1)(0|1)(0|1),"positive example:[101001, 01110],negative example:[0000]"
(a|(b*bb))*,b(ab+ba+b)*,"positive example:[babbababbab, b], negative example:[a, ab, ba, baa]"
(0*10*10*)*|0*,0*1(0*10*10*)+,"positive example:[0011111, 111, 0101010],negative example:[1,11]"
001|1010|110,1+0+011+0+,"positive example:[100011100, 100110], negative example:[00110,10110,10011,10010]"
b*a*,(a)(a)*(b)(b)*(a)(a*),"positive example:[abbbaaa, aaabbaa, aba], negative example:[ababa]"
b*a*,[ab]*baa[ab]*b,"positive example:[baab, babaab, abbaaabb],negative example:[b]"
(ab|ba)*,aaa*bbb*(a|b)*,"positive example:[aabbaa, aaabbab, aaaabb],negative example:[aa]"
(a|b)(a|b)+aaa+,(a|b(aaa)),"positive example:[baaa, a], negative example:[b]"
a+b,a*|b,"positive example:[, a, aa, b], negative example:[ab, ba, bb, aab]"
(a|b)(a|b)+aaa+,(ab|aaa),"positive example:[aaa, ab],negative example:[a]"
a+b,a*,"positive example:[, a, aa, aaa], negative example:[b, ab, ba, aab]"
001|1010|110,(0+1)*01(0+1)*,"positive example:[00100101001001, 01],negative example:[00, 11, 10]"
(0*10*10*)*|0*,0*1(0|11)*,"positive example:[100, 001011, 1],negative example:[011]"
(a*ba*b)*a*ba*,(a|bb)*(a|bb)*,"positive example:["""", ""a"", ""bb"", ""aa"", ""abba"", ""bbbb"", ""aabbaa""], negative example:[""b"", ""ab"", ""ba"", ""bba"", ""bab"", ""abab"", ""baba""]"
001|1010|110,(0|01),"positive example:[0, 01], negative example:[1]"
(ab|ba)*,(aa)*b,"positive example:[aaaab, b, aab, aaab], negative example:[a, aa, aaa, ab, ba]"
001|1010|110,0|0|1,"positive example: [0, 1], negative example: [00, 01, 10, 11]"
(a|b)(a|b)+aaa+,(a|b)(a|b)+bbb+,"positive example:[ababbb, babbb], negative example:[abbb]"
a(a|b)a(a|b)*,(a(a|b)b)(a|b)*,"positive example:[abb, aabab], negative example:[aa, ab, bbb, aba]"
(a*ba*b)*a*ba*,[a]{1}([a]{2})*,"positive example:[aaaaa, a],negative example:[aaaaaa]"
a(a|b)a(a|b)*,a(a|b)b(a|b)*,"positive example:[aab, aabab], negative example:[abb, aba, baa]"
(ab|ba)*,a,"The regular expression you provided is simply the character ""a"". Here are the positive and negative examples for this pattern:

positive example: [""a""],  
negative example: [""b"", ""aa"", """", ""1"", ""A""]"
(a|(b*bb))*,(a+b)b(a+b),"positive example:[abbaab, abbab],negative example:[abbb, bbab, babab]"
001|1010|110,0,"Based on the given regular expression `0`, here are the positive and negative examples:

positive example: [0],  
negative example: ["""", 1, 00, ""a""]"
001|1010|110,1,"Since you haven't provided the actual regular expression you're referring to, I can't generate specific positive and negative examples. Regular expressions define patterns for matching strings, and without knowing the pattern, it's impossible to determine which strings would be accepted (positive examples) or rejected (negative examples).

Please provide the regular expression you'd like examples for, and I'll be happy to generate appropriate positive and negative examples for you. 

For now, here's a generic placeholder response showing the format:

positive example: [], negative example: []

Once you provide the regex, I'll fill these with meaningful examples."
a(a|b)a(a|b)*,a(a|b)b(a+b)*,"positive example:[aababab, aab], negative example:[abb, aba, aaba, abaa]"
001|1010|110,(1|0)(001|10101|110)*,"positive example:[0, 1001110, 010101001],negative example:[00]"
001|1010|110,(0|1)*0101(0|1)*,"positive example:[0101, 010010110, 100101],negative example:[01]"
a+b,(a*)ba,"positive example:[ba, aaba], negative example:[ab, aaab]"
(a*ba*b)*a*ba*,(a)*b(a)*b,"positive example:[bb, aabaab], negative example:[babab]"
0+1*,1,"It seems you haven't provided the actual regular expression you'd like examples for. Could you please share the regular expression you want me to generate positive and negative examples for? Once you provide that, I can generate appropriate examples in the format you requested. 

For example, if your regular expression was `a+b*`, I could respond with:
positive example: [""ab"", ""aab"", ""aaabbbb""], negative example: [""b"", ""ba"", ""c"", ""aabca""]

Please provide your specific regular expression and I'll generate the examples accordingly."
(0*10*10*)*|0*,0*10*11,"positive example:[01011, 0010011, 111], negative example:[011, 1001, 0000]"
(0|1)(0|1)|(0|1)(0|1)(0|1),-1,"Based on your request, here's the response with empty sets for both positive and negative examples since no regular expression was provided:

positive example: [], negative example: []"
001|1010|110,[001]|[10101]|[110],"positive example:[""001"", ""10101"", ""110"", ""0"", ""1""],  
negative example:[""000"", ""111"", ""010"", ""1001"", ""1010""]"
001|1010|110,11010110,"positive example: [11010110], negative example: [1101011, 1010110, 110101101, 110101, 10110]"
0*10*(10*10*)*,0*(10*1),"positive example:[11, 001001], negative example:[10101]"
a+b,ba+,"positive example:[ba, baa], negative example:[b]"
(a|b)*baa(a|b)*b,a(a*)b,"positive example:[aab, aaab, ab],negative example:[b, a, bb, aaa]"
a(a|b)a(a|b)*,abba,"positive example: [""abba""], negative example: [""abb"", ""aba"", ""aabba"", ""abbaa"", ""abab""]"
001|1010|110,(0|1)*0101(0|1),"positive example:[01011, 0101010], negative example:[010, 01010, 010100]"
(a*ba*b)*a*ba*,(bb)+,"positive example:[bb, bbbb], negative example:[b, bbb, bbbbb]"
0*10*(10*10*)*,0*|1(1)0*,"positive example:[00, 11, , 110, 1100],negative example:[1]"
b*a*,a(a*)b,"positive example:[aaab, ab], negative example:[a, b, aabba, abb]"
(ab|ba)*,(a+a(b+aa)*b)*a(b+aa)*a,"positive example:[aa, aabaaababaabaaa], negative example:[a, ab, aaba, aabbaa]"
b*a*,(b|a)*(baa)+(a|b)*b+,"positive example:[baab, babaaabab],negative example:[b,baa]"
((0(0*|(1+0))*)|(1(1*|(0+1))*))?,(0(0|1)*1)|(1(1|0)*0),"positive example:[10, 0101, 1100, 0011, 01],negative example:[1]"
(a|baa)*,a*b(a*ba*b)*a,"positive example:[ba, aabbbbba], negative example:[ab, baa, aab]"
0*10*(10*10*)*,0*,"positive example:[""00"", """"], negative example:[""01"", ""10""]"
a+b,(a*b)*a,"positive example:[bba, aba, a],negative example:[bb, baa, ab]"
001|1010|110,((0|01)(1|10)),"positive example:[0110,01],negative example:[11,00]"
(0|1)(0|1)|(0|1)(0|1)(0|1),((0|1)(0|1))+((0|1)(0|1)(0|1)),"positive example:[00000, 0000110, 0011001],negative example:[000]"
0*10*(10*10*)*,(0*10*10*10*10*)*,"positive example:[, 11111111, 0110101],negative example:[111111]"
001|1010|110,(1|0)(001|1010|110)*,"positive example:[0, 10011010, 01010001110],negative example:[00]"
(a*ba*b)*a*ba*,a*b(a*ba*b)*b,"positive example:[aabbbbbb, bb, abb],negative example:[bbbbb]"
(a|baa)*,abb*,"positive example:[abbb, ab], negative example:[a, b, bb, bbb]"
(a*ba*b)*a*ba*,a*b(a|(ba*b))b,"positive example:[bbaabb, aabab, abbbb],negative example:[bbb]"
(a|b)*baa(a|b)*b,(a)*(baa)*((a)*(baa)*)*,"positive example:[, baaabaaa], negative example:[a, baaabaa, baaaabaa]"
(a|b)*baa(a|b)*b,a+|b*a*,"positive example:[, bbaa],negative example:[aba]"
0*10*(10*10*)*,(0*(10*1)*0*10*(10*1)*1),"positive example:[11, 11111001, 0010100101, 100101011111],negative example:[11011010111]"
